ID,SMILES
DB00594,C1(=C(N=C(C(=N1)Cl)N)N)C(=O)N=C(N)N  
DB00321,CN(C)CCC=C1C2=CC=CC=C2CCC3=CC=CC=C31 
DB00477,CN(C)CCCN1C2=CC=CC=C2SC3=C1C=C(C=C3)Cl  
DB00502,C1CN(CCC1(C2=CC=C(C=C2)Cl)O)CCCC(=O)C3=CC=C(C=C3)F  
DB00458,CN(C)CCCN1C2=CC=CC=C2CCC3=CC=CC=C31  
DB00934,CNCCCC12CCC(C3=CC=CC=C31)C4=CC=CC=C24  
DB00715,C1CNC[C@H]([C@@H]1C2=CC=C(C=C2)F)COC3=CC4=C(C=C3)OCO4  
DB01224,C1CN(CCN1CCOCCO)C2=NC3=CC=CC=C3SC4=CC=CC=C42  
DB00907,CN1[C@H]2CC[C@@H]1[C@H]([C@H](C2)OC(=O)C3=CC=CC=C3)C(=O)OC  
DB01221,CNC1(CCCCC1=O)C2=CC=CC=C2Cl  
DB00622,CC1=C(C(C(=C(N1)C)C(=O)OCCN(C)CC2=CC=CC=C2)C3=CC(=CC=C3)[N+](=O)[O-])C(=O)OC  
DB01151,CNCCCN1C2=CC=CC=C2CCC3=CC=CC=C31  
DB01075,CN(C)CCOC(C1=CC=CC=C1)C2=CC=CC=C2  
DB01142,CN(C)CC/C=C\1/C2=CC=CC=C2COC3=CC=CC=C31  
DB00334,CC1=CC2=C(S1)NC3=CC=CC=C3N=C2N4CCN(CC4)C  
DB00363,CN1CCN(CC1)C2=NC3=C(C=CC(=C3)Cl)NC4=CC=CC=C42  
DB00280,CC(C)N(CCC(C1=CC=CC=C1)(C2=CC=CC=N2)C(=O)N)C(C)C  
DB01337,CC(=O)O[C@H]1C[C@@H]2CC[C@@H]3[C@@H]([C@]2(C[C@@H]1[N+]4(CCCCC4)C)C)CC[C@]5([C@H]3C[C@@H]([C@@H]5OC(=O)C)[N+]6(CCCCC6)C)C  
DB00342,CC(C)(C)C1=CC=C(C=C1)C(CCCN2CCC(CC2)C(C3=CC=CC=C3)(C4=CC=CC=C4)O)O  
DB03128,CC(=O)OCC[N+](C)(C)C  
DB01069,CC(CN1C2=CC=CC=C2SC3=CC=CC=C31)N(C)C  
DB00501,CC1=C(N=CN1)CSCCNC(=NC)NC#N  
DB01136,COC1=CC=CC=C1OCCNCC(COC2=CC=CC3=C2C4=CC=CC=C4N3)O  
DB00668,CNC[C@@H](C1=CC(=C(C=C1)O)O)O  
DB00457,COC1=C(C=C2C(=C1)C(=NC(=N2)N3CCN(CC3)C(=O)C4=CC=CO4)N)OC  
DB00661,CC(C)C(CCCN(C)CCC1=CC(=C(C=C1)OC)OC)(C#N)C2=CC(=C(C=C2)OC)OC  
DB00182,CC(CC1=CC=CC=C1)N  
DB01175,CN(C)CCC[C@@]1(C2=C(CO1)C=C(C=C2)C#N)C3=CC=C(C=C3)F  
DB00575,C1CN=C(N1)NC2=C(C=CC=C2Cl)Cl 
DB00368,C1=CC(=C(C=C1[C@H](CN)O)O)O  
DB01200,CC(C)C[C@H]1C(=O)N2CCC[C@H]2[C@]3(N1C(=O)[C@](O3)(C(C)C)NC(=O)[C@H]4CN([C@@H]5CC6=C(NC7=CC=CC(=C67)C5=C4)Br)C)O  
DB00590,COC1=C(C=C2C(=C1)C(=NC(=N2)N3CCN(CC3)C(=O)C4COC5=CC=CC=C5O4)N)OC  
DB00925,CC(COC1=CC=CC=C1)N(CCCl)CC2=CC=CC=C2  
DB00908,COC1=CC2=C(C=CN=C2C=C1)[C@@H]([C@H]3C[C@@H]4CCN3C[C@@H]4C=C)O  
DB00211,COC1=CC(=C(C=C1)OC)C(CNC(=O)CN)O  
DB00734,CC1=C(C(=O)N2CCCCC2=N1)CCN3CCC(CC3)C4=NOC5=C4C=CC(=C5)F  
DB00215,CN(C)CCCC1(C2=C(CO1)C=C(C=C2)C#N)C3=CC=C(C=C3)F  
DB00656,C1CN(CCN1CCCN2C(=O)N3C=CC=CC3=N2)C4=CC(=CC=C4)Cl  
DB00863,CNC(=C[N+](=O)[O-])NCCSCC1=CC=C(O1)CN(C)C  
DB00927,C1=C(N=C(S1)N=C(N)N)CSCCC(=NS(=O)(=O)N)N  
DB00637,COC1=CC=C(C=C1)CCN2CCC(CC2)NC3=NC4=CC=CC=C4N3CC5=CC=C(C=C5)F  
DB01114,CN(C)CCC(C1=CC=C(C=C1)Cl)C2=CC=CC=N2  
DB00555,C1=CC(=C(C(=C1)Cl)Cl)C2=C(N=C(N=N2)N)N 
DB00967,C1CC2=C(C=CC(=C2)Cl)C(=C3CCNCC3)C4=C1C=CC=N4  
DB01110,C1=CC(=C(C=C1Cl)Cl)COC(CN2C=CN=C2)C3=C(C=C(C=C3)Cl)Cl 
DB00696,C[C@@]1(C(=O)N2[C@H](C(=O)N3CCC[C@H]3[C@@]2(O1)O)CC4=CC=CC=C4)NC(=O)[C@H]5CN([C@@H]6CC7=CNC8=CC=CC(=C78)C6=C5)C 
DB00490,C1CCC2(C1)CC(=O)N(C(=O)C2)CCCCN3CCN(CC3)C4=NC=CC=N4  
DB00726,CC(CN1C2=CC=CC=C2CCC3=CC=CC=C31)CN(C)C  
DB00810,C1CCN(CC1)CCC(C2CC3CC2C=C3)(C4=CC=CC=C4)O  
DB00875,C1CN(CCN1CC/C=C\2/C3=CC=CC=C3SC4=C2C=C(C=C4)C(F)(F)F)CCO  
DB00945,CC(=O)OC1=CC=CC=C1C(=O)O  
DB01244,CC(C)COCC(CN(CC1=CC=CC=C1)C2=CC=CC=C2)N3CCCC3  
DB00390,C[C@@H]1[C@H]([C@H](C[C@@H](O1)O[C@@H]2[C@H](O[C@H](C[C@@H]2O)O[C@@H]3[C@H](O[C@H](C[C@@H]3O)O[C@H]4CC[C@]5([C@@H](C4)CC[C@@H]6[C@@H]5C[C@H]([C@]7([C@@]6(CC[C@@H]7C8=CC(=O)OC8)O)C)O)C)C)C)O)O  
DB01396,C[C@@H]1[C@H]([C@H](C[C@@H](O1)O[C@@H]2[C@H](O[C@H](C[C@@H]2O)O[C@@H]3[C@H](O[C@H](C[C@@H]3O)O[C@H]4CC[C@]5([C@@H](C4)CC[C@@H]6[C@@H]5CC[C@]7([C@@]6(CC[C@@H]7C8=CC(=O)OC8)O)C)C)C)C)O)O  
DB01092,C[C@H]1[C@@H]([C@H]([C@H]([C@@H](O1)O[C@H]2C[C@H]([C@@]3([C@@H]4[C@@H](CC[C@@]3(C2)O)[C@]5(CC[C@@H]([C@]5(C[C@H]4O)C)C6=CC(=O)OC6)O)CO)O)O)O)O  
DB00482,CC1=CC=C(C=C1)C2=CC(=NN2C3=CC=C(C=C3)S(=O)(=O)N)C(F)(F)F  
DB00695,C1=COC(=C1)CNC2=CC(=C(C=C2C(=O)O)S(=O)(=O)N)Cl  
DB00281,CCN(CC)CC(=O)NC1=C(C=CC=C1C)C  
DB00564,C1=CC=C2C(=C1)C=CC3=CC=CC=C3N2C(=O)N 
DB00252,C1=CC=C(C=C1)C2(C(=O)NC(=O)N2)C3=CC=CC=C3  
DB01035,CCN(CC)CCNC(=O)C1=CC=C(C=C1)N  
DB01182,CCCNCC(COC1=CC=CC=C1C(=O)CCC2=CC=CC=C2)O  
DB00829,CN1C(=O)CN=C(C2=C1C=CC(=C2)Cl)C3=CC=CC=C3  
DB00349,CN1C(=O)CC(=O)N(C2=C1C=CC(=C2)Cl)C3=CC=CC=C3  
DB00690,CCN(CC)CCN1C(=O)CN=C(C2=C1C=CC(=C2)Cl)C3=CC=CC=C3F  
DB01043,CC12CC3CC(C1)(CC(C3)(C2)N)C  
DB00683,CC1=NC=C2N1C3=C(C=C(C=C3)Cl)C(=NC2)C4=CC=CC=C4F  
DB00371,CCCC(C)(COC(=O)N)COC(=O)N 
DB01595,C1C(=O)NC2=C(C=C(C=C2)[N+](=O)[O-])C(=N1)C3=CC=CC=C3  
DB01174,CCC1(C(=O)NC(=O)NC1=O)C2=CC=CC=C2  
DB00988,C1=CC(=C(C=C1CCN)O)O  
DB01235,C1=CC(=C(C=C1C[C@@H](C(=O)O)N)O)O  
DB00623,C1CN(CCN1CCCN2C3=CC=CC=C3SC4=C2C=C(C=C4)C(F)(F)F)CCO 
DB00831,CN1CCN(CC1)CCCN2C3=CC=CC=C3SC4=C2C=C(C=C4)C(F)(F)F  
DB01100,C1CN(CCC1N2C3=CC=CC=C3NC2=O)CCCC(C4=CC=C(C=C4)F)C5=CC=C(C=C5)F  
DB00915,C1C2CC3CC1CC(C2)(C3)N  
DB01184,C1CN(CCC1N2C3=C(C=C(C=C3)Cl)NC2=O)CCCN4C5=CC=CC=C5NC4=O  
DB01095,CC(C)N1C2=CC=CC=C2C(=C1/C=C/[C@@H](C[C@@H](CC(=O)O)O)O)C3=CC=C(C=C3)F  
DB00641,CCC(C)(C)C(=O)O[C@H]1C[C@H](C=C2[C@H]1[C@H]([C@H](C=C2)C)CC[C@@H]3C[C@H](CC(=O)O3)O)C  
DB00175,CC[C@H](C)C(=O)O[C@H]1C[C@@H](C=C2[C@H]1[C@H]([C@H](C=C2)C)CC[C@H](C[C@H](CC(=O)O)O)O)O  
DB00439,CC(C)C1=C(C(=C(C(=N1)C(C)C)COC)C2=CC=C(C=C2)F)/C=C/[C@H](C[C@H](CC(=O)O)O)O  
DB00227,CC[C@H](C)C(=O)O[C@H]1C[C@H](C=C2[C@H]1[C@H]([C@H](C=C2)C)CC[C@@H]3C[C@H](CC(=O)O3)O)C  
DB01098,CC(C)C1=NC(=NC(=C1/C=C/[C@H](C[C@H](CC(=O)O)O)O)C2=CC=C(C=C2)F)N(C)S(=O)(=O)C  
DB00328,CC1=C(C2=C(N1C(=O)C3=CC=C(C=C3)Cl)C=CC(=C2)OC)CC(=O)O  
DB01242,CN(C)CCCN1C2=CC=CC=C2CCC3=C1C=C(C=C3)Cl  
DB01183,C=CCN1CC[C@]23[C@@H]4C(=O)CC[C@]2([C@H]1CC5=C3C(=C(C=C5)O)O4)O 
DB01115,CC1=C(C(C(=C(N1)C)C(=O)OC)C2=CC=CC=C2[N+](=O)[O-])C(=O)OC  
DB00421,CC(=O)S[C@@H]1CC2=CC(=O)CC[C@@]2([C@@H]3[C@@H]1[C@@H]4CC[C@]5([C@]4(CC3)C)CCC(=O)O5)C  
DB01016,COC1=C(C=C(C=C1)Cl)C(=O)NCCC2=CC=C(C=C2)S(=O)(=O)NC(=O)NC3CCCCC3  
DB00570,CC[C@@]1(C[C@H]2C[C@@](C3=C(CCN(C2)C1)C4=CC=CC=C4N3)(C5=C(C=C6C(=C5)[C@]78CCN9[C@H]7[C@@](C=CC9)([C@H]([C@@]([C@@H]8N6C)(C(=O)OC)O)OC(=O)C)CC)OC)C(=O)OC)O  
DB01577,C[C@@H](CC1=CC=CC=C1)NC  
DB01037,C[C@H](CC1=CC=CC=C1)N(C)CC#C 
DB01132,CCC1=CN=C(C=C1)CCOC2=CC=C(C=C2)CC3C(=O)NC(=O)S3
DB00201,CN1C=NC2=C1C(=O)N(C(=O)N2C)C  
DB00640,C1=NC(=C2C(=N1)N(C=N2)[C@H]3[C@@H]([C@@H]([C@H](O3)CO)O)O)N 
DB00277,CN1C2=C(C(=O)N(C1=O)C)NC=N2  
DB00255,CC/C(=C(/CC)\C1=CC=C(C=C1)O)/C2=CC=C(C=C2)O  
DB04216,C1=CC(=C(C=C1C2=C(C(=O)C3=C(C=C(C=C3O2)O)O)O)O)O  
DB00675,CC/C(=C(\C1=CC=CC=C1)/C2=CC=C(C=C2)OCCN(C)C)/C3=CC=CC=C3 
DB01645,C1=CC(=CC=C1C2=COC3=CC(=CC(=C3C2=O)O)O)O  
DB00655,C[C@]12CC[C@H]3[C@H]([C@@H]1CCC2=O)CCC4=C3C=CC(=C4)O  
DB00917,CCCCC[C@@H](/C=C/[C@H]1[C@@H](CC(=O)[C@@H]1C/C=C\CCCC(=O)O)O)O  
DB00472,CNCCC(C1=CC=CC=C1)OC2=CC=C(C=C2)C(F)(F)F  
DB00184,CN1CCC[C@H]1C2=CN=CC=C2  
DB00514,CN1CC[C@@]23CCCC[C@@H]2[C@@H]1CC4=C3C=C(C=C4)OC  
DB01065,CC(=O)NCCC1=CNC2=C1C=C(C=C2)OC  
DB00333,CCC(=O)C(CC(C)N(C)C)(C1=CC=CC=C1)C2=CC=CC=C2  
DB00468,COC1=CC2=C(C=CN=C2C=C1)[C@H]([C@@H]3C[C@@H]4CCN3C[C@@H]4C=C)O  
DB01400,CN(C)C(=O)OC1=CC=CC(=C1)[N+](C)(C)C  
DB00382,C1CCC2=NC3=CC=CC=C3C(=C2C1)N  
DB00313,CCCC(CCC)C(=O)O  
DB00987,C1=CN(C(=O)N=C1N)[C@H]2[C@H]([C@@H]([C@H](O2)CO)O)O 
DB01248,CC1=C2[C@H](C(=O)[C@@]3([C@H](C[C@@H]4[C@]([C@H]3[C@@H]([C@@](C2(C)C)(C[C@@H]1OC(=O)[C@@H]([C@H](C5=CC=CC=C5)NC(=O)OC(C)(C)C)O)O)OC(=O)C6=CC=CC=C6)(CO4)OC(=O)C)O)C)O 
DB01050,CC(C)CC1=CC=C(C=C1)C(C)C(=O)O  
DB01229,CC1=C2[C@H](C(=O)[C@@]3([C@H](C[C@@H]4[C@]([C@H]3[C@@H]([C@@](C2(C)C)(C[C@@H]1OC(=O)[C@@H]([C@H](C5=CC=CC=C5)NC(=O)C6=CC=CC=C6)O)O)OC(=O)C7=CC=CC=C7)(CO4)OC(=O)C)O)C)OC(=O)C  
DB00563,CN(CC1=CN=C2C(=N1)C(=NC(=N2)N)N)C3=CC=C(C=C3)C(=O)N[C@@H](CCC(=O)O)C(=O)O 
DB00533,CS(=O)(=O)C1=CC=C(C=C1)C2=C(C(=O)OC2)C3=CC=CC=C3
DB00122,C[N+](C)(C)CCO  
DB01327,CC1=NN=C(S1)SCC2=C(N3[C@@H]([C@@H](C3=O)NC(=O)CN4C=NN=N4)SC2)C(=O)O  
DB00795,C1=CC=NC(=C1)NS(=O)(=O)C2=CC=C(C=C2)N=NC3=CC(=C(C=C3)O)C(=O)O  
DB00115,CC1=CC2=C(C=C1C)N(C=N2)[C@@H]3[C@@H]([C@@H]([C@H](O3)CO)OP(=O)([O-])O[C@H](C)CNC(=O)CC[C@@]4([C@H]([C@@H]5[C@]6([C@@]([C@@H](/C(=C(/C7=N/C(=C\C8=N/C(=C(\C4=N5)/C)/[C@H](C8(C)C)CCC(=O)N)/[C@H]([C@]7(C)CC(=O)N)CCC(=O)N)\C)/[N-]6)CCC(=O)N)(C)CC(=O)N)C)CC(=O)N)C)O.[C-]#N.[Co+3]  
DB00134,CSCC[C@@H](C(=O)O)N  
DB00158,C1=CC(=CC=C1C(=O)N[C@@H](CCC(=O)O)C(=O)O)NCC2=CN=C3C(=N2)C(=O)NC(=N3)N  
DB00836,CN(C)C(=O)C(CCN1CCC(CC1)(C2=CC=C(C=C2)Cl)O)(C3=CC=CC=C3)C4=CC=CC=C4  
