MESH:D000787,0
MESH:D006973,1
MESH:D015427,2
MESH:D002295,3
MESH:D009361,4
MESH:D001008,5
MESH:D001919,6
MESH:D007022,7
MESH:D001927,8
MESH:D056486,9
MESH:D010146,10
MESH:D011537,11
MESH:D012640,12
MESH:D013375,13
MESH:D004827,14
MESH:D008569,15
MESH:D012893,16
MESH:D014202,17
MESH:D009422,18
MESH:D011605,19
MESH:D001201,20
MESH:D006332,21
MESH:D003866,22
MESH:D020258,23
MESH:D003929,24
MESH:D012559,25
MESH:D019966,26
MESH:D003110,27
MESH:D009374,28
MESH:D000230,29
MESH:D001932,30
MESH:D007511,31
MESH:D006331,32
MESH:D017202,33
MESH:D017180,34
MESH:D001281,35
MESH:D009202,36
MESH:D004195,37
MESH:D007249,38
MESH:D007674,39
MESH:D011183,40
MESH:D006333,41
MESH:D006330,42
MESH:D002311,43
MESH:D066126,44
MESH:D018487,45
MESH:D006976,46
MESH:D020257,47
MESH:D013274,48
MESH:D014693,49
MESH:D008133,50
MESH:D016171,51
MESH:D002545,52
MESH:D001930,53
MESH:D001259,54
MESH:D019970,55
MESH:D007319,56
MESH:D004832,57
MESH:D006937,58
MESH:D009135,59
MESH:D013610,60
MESH:D002375,61
MESH:D005334,62
MESH:D006930,63
MESH:D000860,64
MESH:D001523,65
MESH:D019954,66
MESH:D013226,67
MESH:D003072,68
MESH:D002389,69
MESH:D009410,70
MESH:D020820,71
MESH:D006948,72
MESH:D001745,73
MESH:D058186,74
MESH:D009203,75
MESH:D015431,76
MESH:D050197,77
MESH:D064420,78
MESH:D008113,79
MESH:D001943,80
MESH:D010523,81
MESH:D007174,82
MESH:D004409,83
MESH:D009069,84
MESH:D010300,85
MESH:D011297,86
MESH:D019969,87
MESH:D001289,88
MESH:D002658,89
MESH:D006556,90
MESH:D001321,91
MESH:D001480,92
MESH:D020734,93
MESH:D005355,94
MESH:D006965,95
MESH:D020521,96
MESH:D008106,97
MESH:D008175,98
MESH:D006130,99
MESH:D013345,100
MESH:D002294,101
MESH:D012509,102
MESH:D001714,103
MESH:D015430,104
MESH:D006966,105
MESH:D011471,106
MESH:D013927,107
MESH:D012735,108
MESH:D008103,109
MESH:D005879,110
MESH:D006327,111
MESH:D009437,112
MESH:D002318,113
MESH:D010195,114
MESH:D011230,115
MESH:D000544,116
MESH:D003092,117
MESH:D007035,118
MESH:D012021,119
MESH:D012164,120
MESH:D001145,121
MESH:D000855,122
MESH:D006528,123
MESH:D005234,124
MESH:D006529,125
MESH:D018149,126
MESH:D009369,127
MESH:D001327,128
MESH:D015179,129
MESH:D005909,130
MESH:D009765,131
MESH:D015674,132
MESH:D008325,133
MESH:D002471,134
MESH:D010051,135
MESH:D013921,136
MESH:D000740,137
MESH:D007676,138
MESH:D029424,139
MESH:D004715,140
MESH:D010911,141
MESH:D013981,142
MESH:D015451,143
MESH:D009336,144
MESH:D001749,145
MESH:D015470,146
MESH:D009101,147
MESH:D004938,148
MESH:D003921,149
MESH:D003924,150
MESH:D001249,151
MESH:D002543,152
MESH:D006501,153
MESH:D019465,154
MESH:D009362,155
MESH:D001172,156
MESH:D007247,157
MESH:D010198,158
MESH:D000749,159
MESH:D008114,160
MESH:D008228,161
MESH:D002277,162
MESH:D006258,163
MESH:D007172,164
MESH:D003875,165
MESH:D004342,166
MESH:D008107,167
MESH:D013118,168
MESH:D056784,169
MESH:D006402,170
MESH:D020138,171
MESH:D009436,172
MESH:D065626,173
MESH:D010673,174
MESH:D003248,175
MESH:D004487,176
